,PDB_ResNum,Residue,Conservation_Score,Shannon_Entropy
0,1269,Q,0.9672131147540984,0.208180945557171
1,1270,E,1.0,0.0
2,1271,V,1.0,0.0
3,1272,R,1.0,0.0
4,1273,L,0.8688524590163934,0.560576942614533
5,1274,N,0.8688524590163934,0.560576942614533
6,1275,L,1.0,0.0
7,1276,P,0.6885245901639344,0.8948692308065574
8,1277,E,1.0,0.0
9,1278,E,1.0,0.0
10,1279,V,1.0,0.0
11,1280,E,1.0,0.0
12,1281,D,1.0,0.0
13,1282,A,1.0,0.0
14,1283,Y,1.0,0.0
15,1284,P,0.9344262295081968,0.3491843735073079
16,1285,L,1.0,0.0
17,1286,T,1.0,0.0
18,1287,A,1.0,0.0
19,1288,L,1.0,0.0
20,1289,Q,1.0,0.0
21,1290,L,1.0,0.0
22,1291,G,1.0,0.0
23,1292,M,1.0,0.0
24,1293,I,1.0,0.0
25,1294,F,1.0,0.0
26,1295,H,1.0,0.0
27,1296,S,1.0,0.0
28,1297,E,1.0,0.0
29,1298,Y,1.0,0.0
30,1299,Q,1.0,0.0
31,1300,G,1.0,0.0
32,1301,N,1.0,0.0
33,1302,L,1.0,0.0
34,1303,S,1.0,0.0
35,1304,V,1.0,0.0
36,1305,Y,1.0,0.0
37,1306,H,1.0,0.0
38,1307,D,1.0,0.0
39,1308,V,1.0,0.0
40,1309,F,1.0,0.0
41,1310,T,1.0,0.0
42,1311,Y,1.0,0.0
43,1312,H,1.0,0.0
44,1313,I,1.0,0.0
45,1314,R,1.0,0.0
46,1315,A,1.0,0.0
47,1316,D,0.8360655737704918,0.7619882811604883
48,1317,F,1.0,0.0
49,1318,S,0.8360655737704918,0.6436394131461666
50,1319,F,1.0,0.0
51,1320,P,1.0,0.0
52,1321,A,1.0,0.0
53,1322,L,1.0,0.0
54,1323,H,1.0,0.0
55,1324,S,0.9672131147540984,0.208180945557171
56,1325,A,1.0,0.0
57,1326,I,1.0,0.0
58,1327,Q,0.8360655737704918,0.6436394131461666
59,1328,E,1.0,0.0
60,1329,I,1.0,0.0
61,1330,V,1.0,0.0
62,1331,Q,1.0,0.0
63,1332,R,1.0,0.0
64,1333,H,1.0,0.0
65,1334,P,1.0,0.0
66,1335,V,1.0,0.0
67,1336,L,1.0,0.0
68,1337,R,1.0,0.0
69,1338,T,1.0,0.0
70,1339,S,1.0,0.0
71,1340,F,1.0,0.0
72,1341,A,1.0,0.0
73,1342,L,1.0,0.0
74,1343,F,1.0,0.0
75,1344,E,0.9836065573770492,0.1206810140135238
76,1345,Y,1.0,0.0
77,1346,Q,1.0,0.0
78,1347,E,1.0,0.0
79,1348,P,1.0,0.0
80,1349,L,1.0,0.0
81,1350,Q,1.0,0.0
82,1351,L,1.0,0.0
83,1352,V,1.0,0.0
84,1353,H,1.0,0.0
85,1354,R,1.0,0.0
86,1355,Q,0.9508196721311476,0.2829047929798921
87,1356,I,1.0,0.0
88,1357,D,1.0,0.0
89,1358,V,1.0,0.0
90,1359,P,0.9672131147540984,0.208180945557171
91,1360,L,1.0,0.0
92,1361,G,0.9672131147540984,0.208180945557171
93,1362,L,1.0,0.0
94,1363,D,1.0,0.0
95,1364,D,1.0,0.0
96,1365,L,1.0,0.0
97,1366,T,0.9672131147540984,0.208180945557171
98,1367,H,0.9672131147540984,0.208180945557171
99,1368,L,1.0,0.0
100,1369,S,1.0,0.0
101,1370,T,0.5901639344262295,0.976414308115487
102,1371,S,1.0,0.0
103,1372,E,1.0,0.0
104,1373,Q,1.0,0.0
105,1374,D,1.0,0.0
106,1375,T,1.0,0.0
107,1376,A,1.0,0.0
108,1377,I,1.0,0.0
109,1378,D,1.0,0.0
110,1379,D,1.0,0.0
111,1380,W,1.0,0.0
112,1381,I,1.0,0.0
113,1382,E,1.0,0.0
114,1383,R,1.0,0.0
115,1384,E,1.0,0.0
116,1385,K,1.0,0.0
117,1386,I,1.0,0.0
118,1387,R,0.9836065573770492,0.1206810140135238
119,1388,T,1.0,0.0
120,1389,F,1.0,0.0
121,1390,D,0.9836065573770492,0.1206810140135238
122,1391,W,1.0,0.0
123,1392,N,0.9344262295081968,0.3491843735073079
124,1393,I,0.5409836065573771,0.995148095654003
125,1394,P,1.0,0.0
126,1395,P,1.0,0.0
127,1396,L,1.0,0.0
128,1397,F,1.0,0.0
129,1398,R,1.0,0.0
130,1399,F,1.0,0.0
131,1400,H,1.0,0.0
132,1401,L,1.0,0.0
133,1402,H,1.0,0.0
134,1403,R,1.0,0.0
135,1404,R,1.0,0.0
136,1405,S,0.8688524590163934,0.6857486151292824
137,1406,Q,1.0,0.0
138,1407,D,1.0,0.0
139,1408,N,0.9672131147540984,0.208180945557171
140,1409,F,1.0,0.0
141,1410,N,1.0,0.0
142,1411,L,1.0,0.0
143,1412,T,1.0,0.0
144,1413,F,1.0,0.0
145,1414,S,1.0,0.0
146,1415,F,1.0,0.0
147,1416,H,1.0,0.0
148,1417,H,1.0,0.0
149,1418,S,1.0,0.0
150,1419,I,1.0,0.0
151,1420,L,1.0,0.0
152,1421,D,1.0,0.0
153,1422,G,1.0,0.0
154,1423,W,1.0,0.0
155,1424,S,1.0,0.0
156,1425,V,1.0,0.0
157,1426,A,1.0,0.0
158,1427,S,1.0,0.0
159,1428,L,1.0,0.0
160,1429,L,1.0,0.0
161,1430,T,1.0,0.0
162,1431,E,1.0,0.0
163,1432,L,1.0,0.0
164,1433,L,1.0,0.0
165,1434,Q,0.9672131147540984,0.208180945557171
166,1435,Q,1.0,0.0
167,1436,Y,1.0,0.0
168,1437,L,1.0,0.0
169,1438,Y,1.0,0.0
170,1439,L,1.0,0.0
171,1440,L,1.0,0.0
172,1441,D,1.0,0.0
173,1442,K,1.0,0.0
174,1443,K,0.9672131147540984,0.208180945557171
175,1444,V,0.9672131147540984,0.208180945557171
176,1445,L,0.9672131147540984,0.208180945557171
177,1446,P,0.9672131147540984,0.208180945557171
178,1447,L,0.9672131147540984,0.2409678308030726
179,1448,S,0.9836065573770492,0.1206810140135238
180,1449,P,0.918032786885246,0.4090731390438265
181,1450,T,0.7704918032786885,0.8623538561746379
182,1451,P,1.0,0.0
183,1452,A,0.85,0.6853290549327473
184,1453,L,0.8666666666666667,0.6389847656461848
185,1454,S,1.0,0.0
186,1455,F,1.0,0.0
187,1456,R,1.0,0.0
188,1457,D,1.0,0.0
189,1458,F,1.0,0.0
190,1459,V,1.0,0.0
191,1460,A,1.0,0.0
192,1461,L,1.0,0.0
193,1462,E,1.0,0.0
194,1463,K,0.95,0.2863969571159562
195,1464,K,1.0,0.0
196,1465,T,1.0,0.0
197,1466,I,0.6,1.136477334576122
198,1467,Q,1.0,0.0
199,1468,S,1.0,0.0
200,1469,P,0.8666666666666667,0.5665095065529053
201,1470,E,1.0,0.0
202,1471,C,1.0,0.0
203,1472,Q,1.0,0.0
204,1473,N,1.0,0.0
205,1474,Y,1.0,0.0
206,1475,W,1.0,0.0
207,1476,Q,1.0,0.0
208,1477,E,1.0,0.0
209,1478,K,1.0,0.0
210,1479,L,1.0,0.0
211,1480,R,1.0,0.0
212,1481,D,1.0,0.0
213,1482,V,1.0,0.0
214,1483,T,1.0,0.0
215,1484,L,1.0,0.0
216,1485,T,1.0,0.0
217,1486,K,1.0,0.0
218,1487,L,1.0,0.0
219,1488,P,1.0,0.0
220,1489,Q,1.0,0.0
221,1490,W,0.9833333333333332,0.1222915970693747
222,1491,S,1.0,0.0
223,1492,K,1.0,0.0
224,1493,S,1.0,0.0
225,1494,N,1.0,0.0
226,1495,Q,0.9333333333333332,0.3533593350214213
227,1496,V,0.9833333333333332,0.1222915970693747
228,1497,N,1.0,0.0
229,1498,Q,1.0,0.0
230,1499,D,1.0,0.0
231,1500,W,1.0,0.0
232,1501,D,1.0,0.0
233,1502,W,1.0,0.0
234,1503,L,0.7666666666666667,0.783776947484701
235,1504,V,1.0,0.0
236,1505,P,0.8833333333333333,0.5197027865043055
237,1506,I,1.0,0.0
238,1507,S,1.0,0.0
239,1508,S,0.9833333333333332,0.1222915970693747
240,1509,Q,1.0,0.0
241,1510,V,0.9833333333333332,0.1222915970693747
242,1511,S,1.0,0.0
243,1512,Q,1.0,0.0
244,1513,G,1.0,0.0
245,1514,L,1.0,0.0
246,1515,K,1.0,0.0
247,1516,Q,1.0,0.0
248,1517,L,0.9836065573770492,0.1206810140135238
249,1518,G,0.9672131147540984,0.208180945557171
250,1519,K,1.0,0.0
251,1520,Q,1.0,0.0
252,1521,V,0.9836065573770492,0.1206810140135238
253,1522,G,1.0,0.0
254,1523,V,1.0,0.0
255,1524,P,1.0,0.0
256,1525,L,1.0,0.0
257,1526,K,1.0,0.0
258,1527,S,1.0,0.0
259,1528,V,1.0,0.0
260,1529,L,1.0,0.0
261,1530,L,1.0,0.0
262,1531,A,1.0,0.0
263,1532,A,1.0,0.0
264,1533,H,1.0,0.0
265,1534,F,1.0,0.0
266,1535,R,1.0,0.0
267,1536,V,1.0,0.0
268,1537,L,1.0,0.0
269,1538,S,1.0,0.0
270,1539,L,1.0,0.0
271,1540,L,1.0,0.0
272,1541,N,1.0,0.0
273,1542,N,1.0,0.0
274,1543,Q,1.0,0.0
275,1544,R,1.0,0.0
276,1545,D,1.0,0.0
277,1546,I,1.0,0.0
278,1547,V,1.0,0.0
279,1548,T,1.0,0.0
280,1549,G,1.0,0.0
281,1550,L,1.0,0.0
282,1551,V,1.0,0.0
283,1552,S,1.0,0.0
284,1553,N,1.0,0.0
285,1554,G,1.0,0.0
286,1555,R,1.0,0.0
287,1556,L,1.0,0.0
288,1557,E,1.0,0.0
289,1558,A,0.8688524590163934,0.560576942614533
290,1559,A,1.0,0.0
291,1560,D,0.9508196721311476,0.2829047929798921
292,1561,G,1.0,0.0
293,1562,E,1.0,0.0
294,1563,K,1.0,0.0
295,1564,I,1.0,0.0
296,1565,L,1.0,0.0
297,1566,G,1.0,0.0
298,1567,L,1.0,0.0
299,1568,F,1.0,0.0
300,1569,L,0.9838709677419356,0.1191160266556483
301,1570,N,1.0,0.0
302,1571,T,1.0,0.0
303,1572,L,1.0,0.0
304,1573,P,1.0,0.0
305,1574,L,1.0,0.0
306,1575,R,1.0,0.0
307,1576,L,1.0,0.0
308,1577,E,1.0,0.0
309,1578,L,1.0,0.0
310,1579,S,1.0,0.0
311,1580,G,1.0,0.0
312,1581,G,1.0,0.0
313,1582,P,0.4098360655737705,1.5183593905083006
314,1583,W,1.0,0.0
315,1584,S,1.0,0.0
316,1585,D,1.0,0.0
317,1586,L,1.0,0.0
318,1587,V,1.0,0.0
319,1588,K,1.0,0.0
320,1589,Q,1.0,0.0
321,1590,A,1.0,0.0
322,1591,F,1.0,0.0
323,1592,D,1.0,0.0
324,1593,V,1.0,0.0
325,1594,E,1.0,0.0
326,1595,R,1.0,0.0
327,1596,E,1.0,0.0
328,1597,C,1.0,0.0
329,1598,L,1.0,0.0
330,1599,S,1.0,0.0
331,1600,W,1.0,0.0
332,1601,R,1.0,0.0
333,1602,R,1.0,0.0
334,1603,Y,1.0,0.0
335,1604,P,1.0,0.0
336,1605,L,1.0,0.0
337,1606,A,1.0,0.0
338,1607,E,1.0,0.0
339,1608,L,1.0,0.0
340,1609,Q,1.0,0.0
341,1610,K,1.0,0.0
342,1611,S,0.8688524590163934,0.560576942614533
343,1612,G,1.0,0.0
344,1613,Q,1.0,0.0
345,1614,P,1.0,0.0
346,1615,L,0.9838709677419356,0.1191160266556483
347,1616,F,1.0,0.0
348,1617,D,1.0,0.0
349,1618,T,1.0,0.0
350,1619,A,1.0,0.0
351,1620,F,1.0,0.0
352,1621,N,1.0,0.0
353,1622,F,1.0,0.0
354,1623,I,1.0,0.0
355,1624,H,1.0,0.0
356,1625,F,1.0,0.0
357,1626,H,1.0,0.0
358,1632,I,1.0,0.0
359,1633,G,1.0,0.0
360,1634,V,1.0,0.0
361,1635,K,1.0,0.0
362,1636,D,1.0,0.0
363,1637,L,1.0,0.0
364,1638,E,1.0,0.0
365,1639,V,0.9836065573770492,0.1206810140135238
366,1640,L,0.8688524590163934,0.560576942614533
367,1641,G,1.0,0.0
368,1642,G,1.0,0.0
369,1643,K,1.0,0.0
370,1644,F,0.9836065573770492,0.1206810140135238
371,1645,F,1.0,0.0
372,1646,N,1.0,0.0
373,1647,Q,1.0,0.0
374,1648,T,0.9838709677419356,0.1191160266556483
375,1649,N,1.0,0.0
376,1650,F,1.0,0.0
377,1651,T,1.0,0.0
378,1652,L,1.0,0.0
379,1653,L,1.0,0.0
380,1654,A,1.0,0.0
381,1655,N,1.0,0.0
382,1656,F,1.0,0.0
383,1657,S,1.0,0.0
384,1658,L,0.9672131147540984,0.208180945557171
385,1659,H,1.0,0.0
386,1660,P,1.0,0.0
387,1661,L,1.0,0.0
388,1662,S,1.0,0.0
389,1663,S,1.0,0.0
390,1664,Q,1.0,0.0
391,1665,I,1.0,0.0
392,1666,E,1.0,0.0
393,1667,L,1.0,0.0
394,1668,T,1.0,0.0
395,1669,L,0.8688524590163934,0.560576942614533
396,1670,K,0.8688524590163934,0.560576942614533
397,1671,Y,1.0,0.0
398,1672,D,1.0,0.0
399,1673,G,1.0,0.0
400,1674,N,0.9508196721311476,0.2829047929798921
401,1675,Y,1.0,0.0
402,1676,L,1.0,0.0
403,1677,G,1.0,0.0
404,1678,E,1.0,0.0
405,1679,K,1.0,0.0
406,1680,Q,1.0,0.0
407,1681,M,1.0,0.0
408,1682,E,1.0,0.0
409,1683,L,1.0,0.0
410,1684,I,1.0,0.0
411,1685,G,1.0,0.0
412,1686,G,1.0,0.0
413,1687,Y,1.0,0.0
414,1688,Y,1.0,0.0
415,1689,E,1.0,0.0
416,1690,K,1.0,0.0
417,1691,T,1.0,0.0
418,1692,L,1.0,0.0
419,1693,I,1.0,0.0
420,1694,A,1.0,0.0
421,1695,M,1.0,0.0
422,1696,A,1.0,0.0
423,1697,T,1.0,0.0
424,1698,E,1.0,0.0
425,1699,G,1.0,0.0
426,1700,L,1.0,0.0
427,1701,E,1.0,0.0
428,1702,R,1.0,0.0
429,1703,Y,1.0,0.0
430,1704,E,1.0,0.0
431,1705,T,1.0,0.0
432,1706,C,1.0,0.0
433,1707,C,0.9344262295081968,0.4023829390456117
434,1708,L,1.0,0.0
435,1709,L,1.0,0.0
436,1710,S,1.0,0.0
437,1711,E,1.0,0.0
438,1712,Q,1.0,0.0
439,1713,E,1.0,0.0
440,1714,Q,1.0,0.0
441,1715,H,1.0,0.0
442,1716,Q,1.0,0.0
443,1717,L,1.0,0.0
444,1718,L,1.0,0.0
445,1719,K,1.0,0.0
446,1720,E,1.0,0.0
447,1721,W,1.0,0.0
448,1722,N,1.0,0.0
449,1723,D,1.0,0.0
450,1724,T,1.0,0.0
451,1725,E,1.0,0.0
452,1726,V,1.0,0.0
453,1727,H,1.0,0.0
454,1728,Y,1.0,0.0
455,1729,P,1.0,0.0
456,1730,D,1.0,0.0
457,1731,G,1.0,0.0
458,1732,C,1.0,0.0
459,1733,I,1.0,0.0
460,1734,H,1.0,0.0
461,1735,Q,1.0,0.0
462,1736,L,0.9016393442622952,0.4637773498877516
463,1737,F,0.9836065573770492,0.1206810140135238
464,1738,E,1.0,0.0
465,1739,E,1.0,0.0
466,1740,Q,1.0,0.0
467,1741,V,1.0,0.0
468,1742,K,1.0,0.0
469,1743,R,1.0,0.0
470,1744,S,1.0,0.0
471,1745,P,1.0,0.0
472,1746,D,1.0,0.0
473,1747,A,1.0,0.0
474,1748,I,1.0,0.0
475,1749,A,1.0,0.0
476,1750,I,1.0,0.0
477,1751,I,1.0,0.0
478,1752,T,1.0,0.0
479,1753,E,1.0,0.0
480,1754,N,1.0,0.0
481,1755,E,1.0,0.0
482,1756,Q,0.9672131147540984,0.208180945557171
483,1757,L,0.8360655737704918,0.6436394131461666
484,1758,T,0.9836065573770492,0.1206810140135238
485,1759,Y,0.9672131147540984,0.208180945557171
486,1760,R,1.0,0.0
487,1761,Q,1.0,0.0
488,1762,L,1.0,0.0
489,1763,N,0.9836065573770492,0.1206810140135238
490,1764,E,1.0,0.0
491,1765,K,1.0,0.0
492,1766,A,0.9836065573770492,0.1206810140135238
493,1767,N,1.0,0.0
494,1768,Q,1.0,0.0
495,1769,L,1.0,0.0
496,1770,G,1.0,0.0
497,1771,R,1.0,0.0
498,1772,Y,0.9836065573770492,0.1206810140135238
499,1773,L,1.0,0.0
500,1774,A,1.0,0.0
501,1775,R,1.0,0.0
502,1776,K,0.7868852459016393,0.7473944462440387
503,1777,G,1.0,0.0
504,1778,V,1.0,0.0
505,1779,K,0.8032786885245902,0.7153220528038851
506,1780,S,0.8032786885245902,0.7967286463062392
507,1781,E,1.0,0.0
508,1782,S,1.0,0.0
509,1783,L,0.5245901639344263,0.9982545693874832
510,1784,V,0.9836065573770492,0.1206810140135238
511,1785,G,0.4590163934426229,2.126408653562656
512,1786,I,0.9836065573770492,0.1206810140135238
513,1787,C,0.9344262295081968,0.3491843735073079
514,1788,L,1.0,0.0
515,1789,E,1.0,0.0
516,1790,R,1.0,0.0
517,1791,T,1.0,0.0
518,1792,P,1.0,0.0
519,1793,E,1.0,0.0
520,1794,M,1.0,0.0
521,1795,V,1.0,0.0
522,1796,I,0.819672131147541,0.6807937753703206
523,1797,G,0.7868852459016393,0.7473944462440387
524,1798,L,1.0,0.0
525,1799,L,1.0,0.0
526,1800,A,1.0,0.0
527,1801,I,1.0,0.0
528,1802,L,1.0,0.0
529,1803,K,1.0,0.0
530,1804,A,1.0,0.0
531,1805,G,1.0,0.0
532,1806,G,1.0,0.0
533,1807,A,1.0,0.0
534,1808,Y,1.0,0.0
535,1809,V,1.0,0.0
536,1810,P,0.9836065573770492,0.1206810140135238
537,1811,L,1.0,0.0
538,1812,D,1.0,0.0
539,1813,P,1.0,0.0
540,1814,A,1.0,0.0
541,1815,Y,0.9836065573770492,0.1206810140135238
542,1816,P,1.0,0.0
543,1817,T,1.0,0.0
544,1818,E,0.9016393442622952,0.4637773498877516
545,1819,R,1.0,0.0
546,1820,L,1.0,0.0
547,1821,N,1.0,0.0
548,1822,V,1.0,0.0
549,1823,I,1.0,0.0
550,1824,L,1.0,0.0
551,1825,E,1.0,0.0
552,1826,D,1.0,0.0
553,1827,A,1.0,0.0
554,1828,Q,1.0,0.0
555,1829,V,1.0,0.0
556,1830,S,0.9016393442622952,0.4637773498877516
557,1831,L,1.0,0.0
558,1832,L,1.0,0.0
559,1833,L,1.0,0.0
560,1834,T,1.0,0.0
561,1835,Q,1.0,0.0
562,1836,A,0.9672131147540984,0.208180945557171
563,1837,K,1.0,0.0
564,1838,L,1.0,0.0
565,1839,V,1.0,0.0
566,1840,E,1.0,0.0
567,1841,K,0.7868852459016393,0.7473944462440387
568,1842,L,1.0,0.0
569,1843,G,1.0,0.0
570,1844,N,1.0,0.0
571,1845,Y,1.0,0.0
572,1846,P,1.0,0.0
573,1847,G,1.0,0.0
574,1848,N,1.0,0.0
575,1849,L,1.0,0.0
576,1850,V,1.0,0.0
577,1851,I,0.9344262295081968,0.3491843735073079
578,1852,L,1.0,0.0
579,1853,E,1.0,0.0
580,1854,A,1.0,0.0
581,1855,E,1.0,0.0
582,1856,Q,0.9672131147540984,0.208180945557171
583,1857,K,1.0,0.0
584,1858,N,0.9672131147540984,0.208180945557171
585,1859,I,1.0,0.0
586,1860,A,1.0,0.0
587,1861,L,0.6229508196721312,1.3320856279473314
588,1862,E,0.7704918032786885,0.7771529943226336
589,1863,S,1.0,0.0
590,1864,P,1.0,0.0
591,1865,E,1.0,0.0
592,1866,N,1.0,0.0
593,1867,L,1.0,0.0
594,1868,S,1.0,0.0
595,1869,L,0.9508196721311476,0.2829047929798921
596,1870,P,1.0,0.0
597,1871,V,1.0,0.0
598,1872,S,1.0,0.0
599,1873,S,1.0,0.0
600,1874,S,1.0,0.0
601,1875,N,1.0,0.0
602,1876,T,1.0,0.0
603,1877,A,1.0,0.0
604,1878,Y,1.0,0.0
605,1879,V,1.0,0.0
606,1880,I,1.0,0.0
607,1881,Y,0.9344262295081968,0.3491843735073079
608,1882,T,1.0,0.0
609,1883,S,1.0,0.0
610,1884,G,1.0,0.0
611,1885,S,1.0,0.0
612,1886,T,1.0,0.0
613,1887,G,1.0,0.0
614,1888,K,1.0,0.0
615,1889,P,1.0,0.0
616,1890,K,1.0,0.0
617,1891,G,1.0,0.0
618,1892,V,1.0,0.0
619,1893,V,1.0,0.0
620,1894,I,1.0,0.0
621,1895,E,1.0,0.0
622,1896,H,1.0,0.0
623,1897,H,1.0,0.0
624,1898,S,1.0,0.0
625,1899,T,1.0,0.0
626,1900,T,1.0,0.0
627,1901,T,1.0,0.0
628,1902,L,0.8852459016393442,0.5140912790181235
629,1903,L,1.0,0.0
630,1904,N,0.9672131147540984,0.208180945557171
631,1905,W,1.0,0.0
632,1906,S,1.0,0.0
633,1907,K,1.0,0.0
634,1908,E,1.0,0.0
635,1909,V,1.0,0.0
636,1910,F,1.0,0.0
637,1911,S,0.9672131147540984,0.208180945557171
638,1912,S,1.0,0.0
639,1913,E,1.0,0.0
640,1914,E,1.0,0.0
641,1915,L,1.0,0.0
642,1916,A,1.0,0.0
643,1917,G,1.0,0.0
644,1918,V,1.0,0.0
645,1919,L,1.0,0.0
646,1920,G,1.0,0.0
647,1921,S,1.0,0.0
648,1922,T,1.0,0.0
649,1923,S,1.0,0.0
650,1924,I,1.0,0.0
651,1925,C,1.0,0.0
652,1926,F,0.5245901639344263,0.9982545693874832
653,1927,D,1.0,0.0
654,1928,L,1.0,0.0
655,1929,S,1.0,0.0
656,1930,V,1.0,0.0
657,1931,F,1.0,0.0
658,1932,E,1.0,0.0
659,1933,L,1.0,0.0
660,1934,F,1.0,0.0
661,1935,L,1.0,0.0
662,1936,P,1.0,0.0
663,1937,L,1.0,0.0
664,1938,A,1.0,0.0
665,1939,V,1.0,0.0
666,1940,G,1.0,0.0
667,1941,G,1.0,0.0
668,1942,K,1.0,0.0
669,1943,I,0.9516129032258064,0.2795055456366799
670,1944,I,1.0,0.0
671,1945,L,1.0,0.0
672,1946,A,1.0,0.0
673,1947,Q,0.984126984126984,0.1175946656588647
674,1948,N,1.0,0.0
675,1949,V,1.0,0.0
676,1950,L,1.0,0.0
677,1951,D,0.9838709677419356,0.1191160266556483
678,1952,L,1.0,0.0
679,1953,P,1.0,0.0
680,1954,S,1.0,0.0
681,1955,L,1.0,0.0
682,1956,S,1.0,0.0
683,1957,A,1.0,0.0
684,1958,A,1.0,0.0
685,1959,K,1.0,0.0
686,1960,E,1.0,0.0
687,1961,V,1.0,0.0
688,1962,T,1.0,0.0
689,1963,L,1.0,0.0
690,1964,I,1.0,0.0
691,1965,N,1.0,0.0
692,1966,T,1.0,0.0
693,1967,V,1.0,0.0
694,1968,P,1.0,0.0
695,1969,T,1.0,0.0
696,1970,A,1.0,0.0
697,1971,I,0.967741935483871,0.205592508185083
698,1972,A,1.0,0.0
699,1973,Q,1.0,0.0
700,1974,L,1.0,0.0
701,1975,L,1.0,0.0
702,1976,E,1.0,0.0
703,1977,I,1.0,0.0
704,1978,E,1.0,0.0
705,1979,A,1.0,0.0
706,1980,I,1.0,0.0
707,1981,P,0.935483870967742,0.345117314944953
708,1982,E,1.0,0.0
709,1983,T,1.0,0.0
710,1984,V,1.0,0.0
711,1985,R,1.0,0.0
712,1986,T,1.0,0.0
713,1987,V,1.0,0.0
714,1988,N,1.0,0.0
715,1989,L,1.0,0.0
716,1990,A,0.7096774193548387,0.869137580612638
717,1991,G,1.0,0.0
718,1992,E,1.0,0.0
719,1993,A,1.0,0.0
720,1994,L,0.967741935483871,0.205592508185083
721,1995,S,0.967741935483871,0.205592508185083
722,1996,N,1.0,0.0
723,1997,Q,1.0,0.0
724,1998,L,1.0,0.0
725,1999,V,0.967741935483871,0.205592508185083
726,2000,Q,1.0,0.0
727,2001,K,1.0,0.0
728,2002,L,1.0,0.0
729,2003,Y,1.0,0.0
730,2004,Q,1.0,0.0
731,2005,Q,1.0,0.0
732,2006,E,1.0,0.0
733,2007,N,1.0,0.0
734,2008,I,1.0,0.0
735,2009,K,1.0,0.0
736,2010,N,1.0,0.0
737,2011,V,1.0,0.0
738,2012,Y,1.0,0.0
739,2013,N,1.0,0.0
740,2014,L,1.0,0.0
741,2015,Y,0.8709677419354839,0.5547781633412736
742,2016,G,1.0,0.0
743,2017,P,1.0,0.0
744,2018,S,1.0,0.0
745,2019,E,1.0,0.0
746,2020,D,1.0,0.0
747,2021,T,1.0,0.0
748,2022,T,1.0,0.0
749,2023,Y,1.0,0.0
750,2024,S,1.0,0.0
751,2025,T,1.0,0.0
752,2026,F,1.0,0.0
753,2027,S,0.967741935483871,0.205592508185083
754,2028,L,0.967741935483871,0.205592508185083
755,2029,V,1.0,0.0
756,2030,P,1.0,0.0
757,2031,K,1.0,0.0
758,2032,G,1.0,0.0
759,2033,H,1.0,0.0
760,2034,H,1.0,0.0
761,2035,G,1.0,0.0
762,2036,Q,1.0,0.0
763,2037,P,0.8870967741935484,0.5754130967065008
764,2038,S,0.9032258064516128,0.4586858162005403
765,2039,I,1.0,0.0
766,2040,G,1.0,0.0
767,2041,R,1.0,0.0
768,2042,P,1.0,0.0
769,2043,I,1.0,0.0
770,2044,A,1.0,0.0
771,2045,N,1.0,0.0
772,2046,T,1.0,0.0
773,2047,Q,1.0,0.0
774,2048,V,1.0,0.0
775,2049,Y,1.0,0.0
776,2050,I,1.0,0.0
777,2051,L,1.0,0.0
778,2052,D,0.8709677419354839,0.5547781633412736
779,2053,S,1.0,0.0
780,2054,F,1.0,0.0
781,2055,K,1.0,0.0
782,2056,Q,1.0,0.0
783,2057,P,1.0,0.0
784,2058,V,1.0,0.0
785,2059,P,1.0,0.0
786,2060,L,1.0,0.0
787,2061,G,1.0,0.0
788,2062,T,1.0,0.0
789,2063,I,1.0,0.0
790,2064,G,1.0,0.0
791,2065,D,1.0,0.0
792,2066,L,1.0,0.0
793,2067,Y,1.0,0.0
794,2068,I,1.0,0.0
795,2069,G,1.0,0.0
796,2070,G,1.0,0.0
797,2071,E,1.0,0.0
798,2072,G,1.0,0.0
799,2073,L,1.0,0.0
800,2074,A,1.0,0.0
801,2075,R,1.0,0.0
802,2076,C,0.6935483870967742,0.8890349038123858
803,2077,Y,1.0,0.0
804,2078,L,1.0,0.0
805,2079,N,1.0,0.0
806,2080,Q,1.0,0.0
807,2081,P,1.0,0.0
808,2082,E,1.0,0.0
809,2083,L,1.0,0.0
810,2084,T,1.0,0.0
811,2085,A,1.0,0.0
812,2086,E,1.0,0.0
813,2087,K,1.0,0.0
814,2088,F,1.0,0.0
815,2089,I,1.0,0.0
816,2090,S,1.0,0.0
817,2091,N,1.0,0.0
818,2092,P,1.0,0.0
819,2093,F,1.0,0.0
820,2094,S,0.9838709677419356,0.1191160266556483
821,2095,N,0.7903225806451613,0.7408656862339817
822,2096,E,1.0,0.0
823,2097,P,1.0,0.0
824,2098,N,1.0,0.0
825,2099,A,1.0,0.0
826,2100,K,1.0,0.0
827,2101,L,1.0,0.0
828,2102,Y,1.0,0.0
829,2103,K,0.9032258064516128,0.4586858162005403
830,2104,T,0.967741935483871,0.205592508185083
831,2105,G,1.0,0.0
832,2106,D,1.0,0.0
833,2107,L,1.0,0.0
834,2108,A,1.0,0.0
835,2109,R,1.0,0.0
836,2110,Y,1.0,0.0
837,2111,L,1.0,0.0
838,2112,P,1.0,0.0
839,2113,D,1.0,0.0
840,2114,G,1.0,0.0
841,2115,N,1.0,0.0
842,2116,I,1.0,0.0
843,2117,D,1.0,0.0
844,2118,F,0.9032258064516128,0.4586858162005403
845,2119,L,1.0,0.0
846,2120,G,1.0,0.0
847,2121,R,1.0,0.0
848,2122,G,1.0,0.0
849,2123,D,1.0,0.0
850,2124,N,1.0,0.0
851,2125,Q,1.0,0.0
852,2126,V,1.0,0.0
853,2127,K,0.967741935483871,0.205592508185083
854,2128,L,1.0,0.0
855,2129,R,1.0,0.0
856,2130,G,1.0,0.0
857,2131,F,1.0,0.0
858,2132,R,1.0,0.0
859,2133,I,1.0,0.0
860,2134,E,1.0,0.0
861,2135,L,1.0,0.0
862,2136,G,1.0,0.0
863,2137,E,1.0,0.0
864,2138,I,0.9193548387096774,0.4044483864864383
865,2139,E,1.0,0.0
866,2140,A,1.0,0.0
867,2151,A,1.0,0.0
868,2152,V,1.0,0.0
869,2153,V,1.0,0.0
870,2154,K,1.0,0.0
871,2155,V,1.0,0.0
872,2156,W,1.0,0.0
873,2157,E,0.9516129032258064,0.2795055456366799
874,2158,D,1.0,0.0
875,2159,S,1.0,0.0
876,2160,Y,1.0,0.0
877,2161,R,1.0,0.0
878,2162,N,0.8870967741935484,0.5086113313826897
879,2163,K,1.0,0.0
880,2164,R,1.0,0.0
881,2165,L,1.0,0.0
882,2166,V,0.7580645161290323,1.0204124805133366
883,2167,A,1.0,0.0
884,2168,Y,1.0,0.0
885,2169,L,1.0,0.0
886,2170,V,1.0,0.0
887,2171,A,1.0,0.0
888,2172,E,1.0,0.0
889,2173,N,1.0,0.0
890,2174,D,1.0,0.0
891,2175,P,0.9838709677419356,0.1191160266556483
892,2176,I,1.0,0.0
893,2177,N,1.0,0.0
894,2178,T,1.0,0.0
895,2179,E,1.0,0.0
896,2180,D,1.0,0.0
897,2181,L,1.0,0.0
898,2182,R,1.0,0.0
899,2183,R,1.0,0.0
900,2184,F,1.0,0.0
901,2185,L,1.0,0.0
902,2186,G,0.8709677419354839,0.5547781633412736
903,2187,Q,1.0,0.0
904,2188,K,1.0,0.0
905,2189,L,0.5806451612903226,1.3335607093908333
906,2190,P,1.0,0.0
907,2191,E,1.0,0.0
908,2192,Y,1.0,0.0
909,2193,M,1.0,0.0
910,2194,I,0.967741935483871,0.205592508185083
911,2195,P,1.0,0.0
912,2196,A,1.0,0.0
913,2197,L,1.0,0.0
914,2198,F,1.0,0.0
915,2199,V,1.0,0.0
916,2200,S,1.0,0.0
917,2201,L,1.0,0.0
918,2202,E,1.0,0.0
919,2203,A,1.0,0.0
920,2204,L,1.0,0.0
921,2205,P,1.0,0.0
922,2206,L,1.0,0.0
923,2207,T,1.0,0.0
924,2208,P,1.0,0.0
925,2209,N,1.0,0.0
926,2210,G,1.0,0.0
927,2211,K,1.0,0.0
928,2212,I,1.0,0.0
929,2213,D,1.0,0.0
930,2214,R,1.0,0.0
931,2215,S,1.0,0.0
932,2216,R,1.0,0.0
933,2217,L,1.0,0.0
934,2218,P,0.5967741935483871,0.9728063221185
935,2219,I,1.0,0.0
936,2220,P,1.0,0.0
937,2221,E,1.0,0.0
938,2222,I,1.0,0.0
939,2223,P,0.967741935483871,0.205592508185083
940,2224,S,1.0,0.0
941,2225,T,1.0,0.0
942,2226,S,1.0,0.0
943,2227,E,1.0,0.0
944,2228,Q,1.0,0.0
945,2229,D,1.0,0.0
946,2230,F,1.0,0.0
947,2231,V,0.5967741935483871,0.9728063221185
948,2232,P,1.0,0.0
949,2233,P,1.0,0.0
950,2234,H,0.6290322580645161,0.9514122535330208
951,2235,T,1.0,0.0
952,2236,Q,0.967741935483871,0.205592508185083
953,2237,K,1.0,0.0
954,2238,E,0.9838709677419356,0.1191160266556483
955,2239,K,0.6612903225806451,1.2346142853457285
956,2240,I,1.0,0.0
957,2241,L,1.0,0.0
958,2242,A,1.0,0.0
959,2243,S,0.9838709677419356,0.1191160266556483
960,2244,I,1.0,0.0
961,2245,W,1.0,0.0
962,2246,Q,0.9838709677419356,0.1191160266556483
963,2247,D,1.0,0.0
964,2248,I,1.0,0.0
965,2249,L,1.0,0.0
966,2250,S,1.0,0.0
967,2251,I,1.0,0.0
968,2252,K,1.0,0.0
969,2253,Q,1.0,0.0
970,2254,V,1.0,0.0
971,2255,S,1.0,0.0
972,2256,R,1.0,0.0
973,2257,Y,1.0,0.0
974,2258,D,1.0,0.0
975,2259,R,1.0,0.0
976,2260,F,1.0,0.0
977,2261,F,1.0,0.0
978,2262,E,1.0,0.0
979,2263,V,0.9032258064516128,0.4586858162005403
980,2264,G,1.0,0.0
981,2265,G,0.7741935483870968,0.7706290693639405
982,2266,D,1.0,0.0
983,2267,S,1.0,0.0
984,2268,I,1.0,0.0
985,2269,I,1.0,0.0
986,2270,S,1.0,0.0
987,2271,I,1.0,0.0
988,2272,Q,1.0,0.0
989,2273,V,1.0,0.0
990,2274,V,1.0,0.0
991,2275,A,1.0,0.0
992,2276,R,1.0,0.0
993,2277,A,1.0,0.0
994,2278,R,1.0,0.0
995,2279,Q,1.0,0.0
996,2280,A,1.0,0.0
997,2281,G,1.0,0.0
998,2282,L,1.0,0.0
999,2283,K,0.984126984126984,0.1175946656588647
1000,2284,I,0.5238095238095238,1.3421389558735095
1001,2285,T,0.984126984126984,0.1175946656588647
1002,2286,P,1.0,0.0
1003,2287,K,1.0,0.0
1004,2288,Q,1.0,0.0
1005,2289,I,1.0,0.0
1006,2290,F,1.0,0.0
1007,2291,E,1.0,0.0
1008,2292,Y,1.0,0.0
1009,2293,P,1.0,0.0
1010,2294,T,1.0,0.0
1011,2295,L,1.0,0.0
1012,2296,A,1.0,0.0
1013,2297,E,1.0,0.0
1014,2298,L,1.0,0.0
1015,2299,A,1.0,0.0
1016,2300,T,1.0,0.0
1017,2301,V,1.0,0.0
1018,2302,A,1.0,0.0
1019,2303,D,1.0,0.0
1020,2304,Y,1.0,0.0
1021,2305,S,1.0,0.0
1022,2306,T,1.0,0.0
